0,-9.967664718,,0,-11.96103657
0.040927655,-9.93739151,,0,-11.94870594
0.081855302,-9.847187951,,0.000109507,-10.69098176
0.122782956,-9.699154487,,0.00013871,-10.67865113
0.163710603,-9.497469972,,0.000175083,-10.6663205
0.204638258,-9.250036046,,0.000220219,-10.65398987
0.245565905,-8.971780875,,0.00027602,-10.64165924
0.28649356,-8.691912885,,0.000344746,-10.62932862
0.327421207,-8.465731321,,0.000429075,-10.61699799
0.368348861,-8.374558221,,0.000532161,-10.60466736
0.410463233,-8.352019848,,0.0006577,-10.59233673
0.452577604,-8.288241808,,0.000810006,-10.5800061
0.494691975,-8.196343796,,0.000994089,-10.56767547
0.536806347,-8.10368196,,0.001215734,-10.55534484
0.578920718,-8.057151855,,0.001481589,-10.54301421
0.621028646,-8.133323592,,0.001799258,-10.53068358
0.663136574,-8.330757961,,0.002186189,-10.51835295
0.705244503,-8.609300757,,0.002637389,-10.50602232
0.747352431,-8.915845699,,0.003170677,-10.49369169
0.789460359,-9.211382548,,0.003798587,-10.48136106
0.831568287,-9.472216448,,0.004535087,-10.46903044
0.873676215,-9.684597486,,0.00539565,-10.45669981
0.915784144,-9.840596809,,0.006397316,-10.44436918
0.957892072,-9.935720731,,0.007558731,-10.43203855
1,-9.967664718,,0.008900173,-10.41970792
0,1e+308,,0.01045235,-10.40737729
0,-2.194118609,,0.012223986,-10.39504666
0.040927655,-2.178688122,,0.014246922,-10.38271603
0.081855302,-2.164128399,,0.016547836,-10.3703854
0.122782956,-2.363299399,,0.019154736,-10.35805477
0.163710603,-2.964876146,,0.022096784,-10.34572414
0.204638258,-3.667774208,,0.025404073,-10.33339351
0.245565905,-4.333838941,,0.029107359,-10.32106289
0.28649356,-4.902130452,,0.033237747,-10.30873226
0.327421207,-5.304962058,,0.037826332,-10.29640163
0.368348861,-5.455546861,,0.042903801,-10.284071
0.410463233,-5.445724096,,0.048499996,-10.27174037
0.452577604,-5.422539181,,0.054643441,-10.25940974
0.494691975,-5.404210681,,0.061360851,-10.24707911
0.536806347,-5.410524266,,0.068676623,-10.23474848
0.578920718,-5.425519644,,0.076612314,-10.22241785
0.621028646,-5.347809919,,0.085186135,-10.21008722
0.663136574,-5.115492189,,0.094412457,-10.19775659
0.705244503,-4.724917678,,0.104301347,-10.18542596
0.747352431,-4.206539736,,0.114858151,-10.17309533
0.789460359,-3.594979948,,0.126083133,-10.16076471
0.831568287,-2.935098457,,0.137971183,-10.14843408
0.873676215,-2.35562851,,0.150511607,-10.13610345
0.915784144,-2.159348992,,0.163688012,-10.12377282
0.957892072,-2.177161835,,0.177478281,-10.11144219
1,-2.194118609,,0.191854664,-10.09911156
0,1e+308,,0.206783965,-10.08678093
0,-0.352930827,,0.222245453,-10.0744503
0.040927655,-0.58464011,,0.238166496,-10.06211967
0.081855302,-1.117105114,,0.254513397,-10.04978904
0.122782956,-1.516517338,,0.271235606,-10.03745841
0.163710603,-1.486332294,,0.288279653,-10.02512778
0.204638258,-1.281502687,,0.305589865,-10.01279715
0.245565905,-1.3062128,,0.32310911,-10.00046653
0.28649356,-1.44474296,,0.340779564,-9.988135897
0.327421207,-1.530616916,,0.358543455,-9.975805267
0.368348861,-1.559665884,,0.376343789,-9.963474638
0.410463233,-1.756429765,,0.394217243,-9.951144009
0.452577604,-2.197681667,,0.412109226,-9.93881338
0.494691975,-2.660415596,,0.429874391,-9.926482751
0.536806347,-2.993928924,,0.447462591,-9.914152121
0.578920718,-3.120381856,,0.46482694,-9.901821492
0.621028646,-3.015929328,,0.481932807,-9.889490863
0.663136574,-2.768168049,,0.498725482,-9.877160234
0.705244503,-2.426789543,,0.515175284,-9.864829605
0.747352431,-2.029939815,,0.531249206,-9.852498975
0.789460359,-1.610568586,,0.547470732,-9.840168346
0.831568287,-1.445791687,,0.563806316,-9.827837717
0.873676215,-1.491624636,,0.579665114,-9.815507088
0.915784144,-1.099429416,,0.595012015,-9.803176458
0.957892072,-0.554621329,,0.60981402,-9.790845829
1,-0.352930827,,0.6240401,-9.7785152
0,1e+308,,0.637661094,-9.766184571
0,-0.241064013,,0.650649685,-9.753853942
0.040927655,-0.309842962,,0.662980448,-9.741523312
0.081855302,-0.466359846,,0.674630008,-9.729192683
0.122782956,-0.677420043,,0.685577307,-9.716862054
0.163710603,-0.905830763,,0.69580398,-9.704531425
0.204638258,-1.121647783,,0.70529484,-9.692200796
0.245565905,-1.016522589,,0.714038464,-9.679870166
0.28649356,-0.742535251,,0.72202785,-9.667539537
0.327421207,-0.519050336,,0.729261145,-9.655208908
0.368348861,-0.428689495,,0.735742377,-9.642878279
0.410463233,-0.386220689,,0.741482198,-9.63054765
0.452577604,-0.291082073,,0.746498561,-9.61821702
0.494691975,-0.173713662,,0.750817317,-9.605886391
0.536806347,-0.0617878,,0.755034929,-9.593555762
0.578920718,-0.006948971,,0.759173191,-9.581225133
0.621028646,-0.094129618,,0.762724602,-9.568894504
0.663136574,-0.313533097,,0.765737461,-9.556563874
0.705244503,-0.611168216,,0.768268874,-9.544233245
0.747352431,-0.927836065,,0.770401894,-9.531902616
0.789460359,-1.219662642,,0.772179981,-9.519571987
0.831568287,-1.200536032,,0.773696275,-9.507241358
0.873676215,-0.836953037,,0.775035863,-9.494910728
0.915784144,-0.551030514,,0.776840881,-9.482580099
0.957892072,-0.361038458,,0.779195481,-9.47024947
1,-0.241064013,,0.781623918,-9.457918841
0,1e+308,,0.784201824,-9.445588212
0,2.826879602,,0.787000761,-9.433257582
0.040927655,2.995588819,,0.790086212,-9.420926953
0.081855302,3.245706603,,0.793515624,-9.408596324
0.122782956,3.315038487,,0.797336572,-9.396265695
0.163710603,3.201823349,,0.801585108,-9.383935066
0.204638258,2.971574773,,0.806293168,-9.371604436
0.245565905,2.687818004,,0.811455099,-9.359273807
0.28649356,2.387887605,,0.817072091,-9.346943178
0.327421207,2.136208431,,0.823123657,-9.334612549
0.368348861,2.033368722,,0.829574357,-9.32228192
0.410463233,2.067622956,,0.836374327,-9.30995129
0.452577604,2.106350196,,0.843460244,-9.297620661
0.494691975,2.103633956,,0.85075672,-9.285290032
0.536806347,2.064997601,,0.85817809,-9.272959403
0.578920718,2.034454728,,0.86563056,-9.260628773
0.621028646,2.111937238,,0.873014662,-9.248298144
0.663136574,2.323677448,,0.880227952,-9.235967515
0.705244503,2.631985687,,0.887176679,-9.223636886
0.747352431,2.968395123,,0.893746375,-9.211306257
0.789460359,3.253116807,,0.899849994,-9.198975627
0.831568287,3.412570616,,0.905402647,-9.186644998
0.873676215,3.422344129,,0.910330992,-9.174314369
0.915784144,3.288265751,,0.914575772,-9.16198374
0.957892072,3.008860354,,0.919218539,-9.149653111
1,2.826879602,,0.924192372,-9.137322481
0,1e+308,,0.92837388,-9.124991852
0,3.707796439,,0.931754654,-9.112661223
0.040927655,3.762676357,,0.934348554,-9.100330594
0.081855302,3.895830636,,0.936192076,-9.087999965
0.122782956,3.911540312,,0.937344137,-9.075669335
0.163710603,3.837844538,,0.937885291,-9.063338706
0.204638258,3.713483346,,0.937916375,-9.051008077
0.245565905,3.518512695,,0.937556622,-9.038677448
0.28649356,3.320427429,,0.936940173,-9.026346819
0.327421207,3.187541999,,0.936217949,-9.014016189
0.368348861,3.142348245,,0.935546928,-9.00168556
0.410463233,3.386344557,,0.935092047,-8.989354931
0.452577604,4.062025248,,0.93502103,-8.977024302
0.494691975,4.992621364,,0.936056937,-8.964693673
0.536806347,5.360263209,,0.938350328,-8.952363043
0.578920718,5.280709641,,0.941490649,-8.940032414
0.621028646,5.36263849,,0.945606647,-8.927701785
0.663136574,5.503233178,,0.950805362,-8.915371156
0.705244503,5.394473632,,0.957197505,-8.903040527
0.747352431,5.057313707,,0.964849884,-8.890709897
0.789460359,4.730502815,,0.973815845,-8.878379268
0.831568287,4.452385333,,0.984125031,-8.866048639
0.873676215,4.201432159,,0.995782499,-8.85371801
0.915784144,3.952372081,,1.008768411,-8.841387381
0.957892072,3.766565408,,1.023038305,-8.829056751
1,3.707796439,,1.038523934,-8.816726122
0,1e+308,,1.055134666,-8.804395493
0,4.869219373,,1.072759386,-8.792064864
0.040927655,4.84575799,,1.091268868,-8.779734234
0.081855302,4.917391685,,1.110518531,-8.767403605
0.122782956,5.307913405,,1.130351518,-8.755072976
0.163710603,5.511351694,,1.150602003,-8.742742347
0.204638258,5.509178593,,1.171098627,-8.730411718
0.245565905,5.600433328,,1.191667983,-8.718081088
0.28649356,5.827944983,,1.212138029,-8.705750459
0.327421207,6.124036672,,1.23234135,-8.69341983
0.368348861,6.303585,,1.252118167,-8.681089201
0.410463233,6.269338385,,1.271865823,-8.668758572
0.452577604,6.075937287,,1.291456058,-8.656427942
0.494691975,5.76118131,,1.310191761,-8.644097313
0.536806347,6.233382079,,1.327954085,-8.631766684
0.578920718,7.171155741,,1.34464118,-8.619436055
0.621028646,6.692222331,,1.361275518,-8.607105426
0.663136574,6.22548452,,1.377777383,-8.594774796
0.705244503,5.777170719,,1.392964445,-8.582444167
0.747352431,5.383215194,,1.406777453,-8.570113538
0.789460359,5.074354291,,1.419165571,-8.557782909
0.831568287,4.861751753,,1.430113026,-8.54545228
0.873676215,4.760431527,,1.439592085,-8.53312165
0.915784144,4.767375328,,1.447593342,-8.520791021
0.957892072,4.832303594,,1.454114667,-8.508460392
1,4.869219373,,1.459158904,-8.496129763
0,1e+308,,1.462731603,-8.483799134
0,4.906848634,,1.464838876,-8.471468504
0.040927655,5.017468078,,1.465485471,-8.459137875
0.081855302,5.339556162,,1.46522657,-8.446807246
0.122782956,5.644175899,,1.464053308,-8.434476617
0.163710603,5.948458758,,1.461391984,-8.422145988
0.204638258,6.221030016,,1.457217019,-8.409815358
0.245565905,6.55265569,,1.451497701,-8.397484729
0.28649356,6.93356118,,1.444198804,-8.3851541
0.327421207,7.215727443,,1.435281607,-8.372823471
0.368348861,7.123378538,,1.424705273,-8.360492842
0.410463233,7.149069894,,1.412428525,-8.348162212
0.452577604,6.947635723,,1.398411574,-8.335831583
0.494691975,6.963943233,,1.382618204,-8.323500954
0.536806347,7.13355614,,1.365017945,-8.311170325
0.578920718,7.282676154,,1.346141701,-8.298839696
0.621028646,6.82408924,,1.32597066,-8.286509066
0.663136574,6.308373659,,1.303938356,-8.274178437
0.705244503,6.238635509,,1.280045818,-8.261847808
0.747352431,6.0368797,,1.254309772,-8.249517179
0.789460359,5.847231868,,1.226763937,-8.237186549
0.831568287,5.740982028,,1.198553545,-8.22485592
0.873676215,5.607270188,,1.169765789,-8.212525291
0.915784144,5.44042223,,1.139339743,-8.200194662
0.957892072,5.036092637,,1.107357546,-8.187864033
1,4.906848634,,1.073919472,-8.175533403
0,1e+308,,1.039143068,-8.163202774
0,5.355540129,,1.003161877,-8.150872145
0.040927655,5.38550476,,0.966123781,-8.138541516
0.081855302,5.475112118,,0.928189029,-8.126210887
0.122782956,5.820096404,,0.889527994,-8.113880257
0.163710603,6.203934192,,0.850318731,-8.101549628
0.204638258,6.512246786,,0.810744409,-8.089218999
0.245565905,6.852523503,,0.770990664,-8.07688837
0.28649356,7.245015599,,0.731242969,-8.064557741
0.327421207,7.538392409,,0.691684058,-8.052227111
0.368348861,7.699423661,,0.652669332,-8.039896482
0.410463233,7.259563893,,0.614381713,-8.027565853
0.452577604,7.246592499,,0.57678447,-8.015235224
0.494691975,7.384132437,,0.540022959,-8.002904595
0.536806347,7.531569698,,0.504229906,-7.990573965
0.578920718,7.571993841,,0.469524274,-7.978243336
0.621028646,7.186492077,,0.436010427,-7.965912707
0.663136574,6.748043219,,0.403777599,-7.953582078
0.705244503,6.347247841,,0.372899649,-7.941251449
0.747352431,6.446836606,,0.343435089,-7.928920819
0.789460359,6.284905745,,0.315427368,-7.91659019
0.831568287,6.060366661,,0.288905379,-7.904259561
0.873676215,5.891513496,,0.263884162,-7.891928932
0.915784144,5.509533701,,0.240365775,-7.879598303
0.957892072,5.387290915,,0.218340294,-7.867267673
1,5.355540129,,0.197786916,-7.854937044
0,1e+308,,0.178675131,-7.842606415
0,5.625623994,,0.16096593,-7.830275786
0.040927655,5.65596006,,0.144613027,-7.817945157
0.081855302,5.744935298,,0.129564069,-7.805614527
0.122782956,5.895434112,,0.115761809,-7.793283898
0.163710603,6.392538468,,0.103145228,-7.780953269
0.204638258,6.963421863,,0.091650595,-7.76862264
0.245565905,7.397904934,,0.081212436,-7.756292011
0.28649356,7.614731496,,0.071757797,-7.743961381
0.327421207,7.686174439,,0.063235231,-7.731630752
0.368348861,7.792199513,,0.055570335,-7.719300123
0.410463233,7.98924231,,0.048698749,-7.706969494
0.452577604,8.106617252,,0.042557877,-7.694638864
0.494691975,8.275300346,,0.037074048,-7.682308235
0.536806347,8.102482482,,0.032219238,-7.669977606
0.578920718,7.667834238,,0.027921018,-7.657646977
0.621028646,7.922645987,,0.024127515,-7.645316348
0.663136574,7.652542257,,0.020789951,-7.632985718
0.705244503,7.168759507,,0.017862713,-7.620655089
0.747352431,6.83846583,,0.015303389,-7.60832446
0.789460359,6.596069003,,0.013072741,-7.595993831
0.831568287,6.378198069,,0.011134656,-7.583663202
0.873676215,6.201061214,,0.009456053,-7.571332572
0.915784144,5.751143847,,0.008006771,-7.559001943
0.957892072,5.657693698,,0.006759438,-7.546671314
1,5.625623994,,0.005689319,-7.534340685
0,1e+308,,0.00476753,-7.522010056
0,6.440015801,,0.003989058,-7.509679426
0.040927655,6.44085881,,0.003327434,-7.497348797
0.081855302,6.425981802,,0.002766951,-7.485018168
0.122782956,6.393168139,,0.002293702,-7.472687539
0.163710603,6.597897336,,0.001895426,-7.46035691
0.204638258,7.311527567,,0.001561355,-7.44802628
0.245565905,7.743024461,,0.00128207,-7.435695651
0.28649356,7.763896681,,0.001049368,-7.423365022
0.327421207,7.799945777,,0.000856132,-7.411034393
0.368348861,8.044435703,,0.000696211,-7.398703764
0.410463233,8.143767321,,0.000564313,-7.386373134
0.452577604,8.277118066,,0.000449265,-7.374042505
0.494691975,8.436664122,,0.000362115,-7.361711876
0.536806347,8.357869751,,0.000290881,-7.349381247
0.578920718,7.784331069,,0.000232864,-7.337050618
0.621028646,8.203610323,,0.00018578,-7.324719988
0.663136574,7.896548909,,0.000147706,-7.312389359
0.705244503,7.403446532,,0.000103763,-7.30005873
0.747352431,6.994200659,,8.24E-05,-7.287728101
0.789460359,7.04680108,,0.000119568,-6.239624618
0.831568287,6.955246203,,0.000152909,-6.227293989
0.873676215,6.380582058,,0.000221219,-6.21496336
0.915784144,6.423679175,,0.000282168,-6.202632731
0.957892072,6.441001397,,0.000358609,-6.190302101
1,6.440015801,,0.000454115,-6.177971472
0,1e+308,,0.000572989,-6.165640843
0,6.88374666,,0.000720382,-6.153310214
0.040927655,6.914840836,,0.000902441,-6.140979585
0.081855302,7.007416684,,0.001126463,-6.128648955
0.122782956,7.158625716,,0.00140107,-6.116318326
0.163710603,7.36089718,,0.001736402,-6.103987697
0.204638258,7.60593596,,0.002144325,-6.091657068
0.245565905,8.060264837,,0.002638664,-6.079326439
0.28649356,8.37553647,,0.003235439,-6.066995809
0.327421207,8.265048729,,0.003953129,-6.05466518
0.368348861,8.23947411,,0.004812934,-6.042334551
0.410463233,8.29605855,,0.005839062,-6.030003922
0.452577604,8.417135056,,0.007059001,-6.017673293
0.494691975,8.57652002,,0.008503805,-6.005342663
0.536806347,8.514545822,,0.010208363,-5.993012034
0.578920718,8.603459017,,0.012211653,-5.980681405
0.621028646,8.427425041,,0.014556978,-5.968350776
0.663136574,8.34836672,,0.01729216,-5.956020147
0.705244503,8.51075963,,0.020469694,-5.943689517
0.747352431,8.139978136,,0.02414684,-5.931358888
0.789460359,7.768734865,,0.028385652,-5.919028259
0.831568287,7.408244171,,0.03325292,-5.90669763
0.873676215,7.174104911,,0.038820017,-5.894367001
0.915784144,7.014423343,,0.045162638,-5.882036371
0.957892072,6.91662291,,0.052360418,-5.869705742
1,6.88374666,,0.060496418,-5.857375113
0,1e+308,,0.06965646,-5.845044484
0,7.918153931,,0.079945935,-5.832713855
0.040927655,7.864530635,,0.091424063,-5.820383225
0.081855302,7.710640194,,0.104193113,-5.808052596
0.122782956,7.593377091,,0.118340755,-5.795721967
0.163710603,7.644906199,,0.133951903,-5.783391338
0.204638258,7.869101331,,0.151107158,-5.771060709
0.245565905,8.299285548,,0.169881114,-5.758730079
0.28649356,8.517401113,,0.190340566,-5.74639945
0.327421207,8.732349273,,0.212542627,-5.734068821
0.368348861,8.377659774,,0.236532801,-5.721738192
0.410463233,8.421387923,,0.262343033,-5.709407563
0.452577604,8.535216405,,0.289989789,-5.697076933
0.494691975,8.699662142,,0.319472197,-5.684746304
0.536806347,8.632640777,,0.350770305,-5.672415675
0.578920718,8.818264318,,0.383843509,-5.660085046
0.621028646,8.560657144,,0.418629186,-5.647754416
0.663136574,8.870068261,,0.455041605,-5.635423787
0.705244503,8.622534741,,0.492971152,-5.623093158
0.747352431,8.214131605,,0.532283913,-5.610762529
0.789460359,7.889420615,,0.572821668,-5.5984319
0.831568287,7.669982033,,0.61440233,-5.58610127
0.873676215,7.60104553,,0.656820846,-5.573770641
0.915784144,7.706170724,,0.699859395,-5.561440012
0.957892072,7.862414134,,0.743256899,-5.549109383
1,7.918153931,,0.786756572,-5.536778754
0,1e+308,,0.830080604,-5.524448124
0,8.978494195,,0.872940104,-5.512117495
0.040927655,9.108600255,,0.915038823,-5.499786866
0.081855302,9.261401153,,0.956077219,-5.487456237
0.122782956,9.210092184,,0.9957568,-5.475125608
0.163710603,9.05958575,,1.033784672,-5.462794978
0.204638258,8.851610507,,1.069878189,-5.450464349
0.245565905,8.705945523,,1.103769608,-5.43813372
0.28649356,8.935094488,,1.13576411,-5.425803091
0.327421207,8.959489765,,1.165815446,-5.413472462
0.368348861,8.688190639,,1.193159051,-5.401141832
0.410463233,8.878109497,,1.217429149,-5.388811203
0.452577604,9.095212798,,1.238479799,-5.376480574
0.494691975,8.754216884,,1.256203233,-5.364149945
0.536806347,8.840948271,,1.270531965,-5.351819316
0.578920718,8.903394042,,1.28144013,-5.339488686
0.621028646,9.207349821,,1.288944013,-5.327158057
0.663136574,9.112640873,,1.293101719,-5.314827428
0.705244503,8.925795542,,1.294011994,-5.302496799
0.747352431,9.314093548,,1.293472546,-5.29016617
0.789460359,9.082132831,,1.291637651,-5.27783554
0.831568287,8.718605891,,1.287014955,-5.265504911
0.873676215,9.018707722,,1.279801532,-5.253174282
0.915784144,9.277133414,,1.270228255,-5.240843653
0.957892072,9.117366674,,1.258522828,-5.228513024
1,8.978494195,,1.244949998,-5.216182394
0,1e+308,,1.229778173,-5.203851765
0,9.211989362,,1.213280726,-5.191521136
0.040927655,9.23959912,,1.1957307,-5.179190507
0.081855302,9.405463659,,1.17739564,-5.166859878
0.122782956,9.547366942,,1.158532716,-5.154529248
0.163710603,9.418234505,,1.139384232,-5.142198619
0.204638258,9.380413948,,1.120173632,-5.12986799
0.245565905,9.485987857,,1.101102104,-5.117537361
0.28649356,9.299162117,,1.08234583,-5.105206731
0.327421207,9.079722718,,1.064053967,-5.092876102
0.368348861,9.460293236,,1.046347347,-5.080545473
0.410463233,9.494145285,,1.029317943,-5.068214844
0.452577604,9.580738166,,1.013029055,-5.055884215
0.494691975,9.167561336,,0.997516194,-5.043553585
0.536806347,8.948059351,,0.982788611,-5.031222956
0.578920718,9.133885072,,0.968831384,-5.018892327
0.621028646,9.290236239,,0.955608,-5.006561698
0.663136574,9.25832681,,0.94306331,-4.994231069
0.705244503,9.50198298,,0.931126773,-4.981900439
0.747352431,9.914048497,,0.919715871,-4.96956981
0.789460359,9.853628341,,0.908739597,-4.957239181
0.831568287,9.653811887,,0.898101908,-4.944908552
0.873676215,9.491741159,,0.887705047,-4.932577923
0.915784144,9.41014837,,0.877452657,-4.920247293
0.957892072,9.240460905,,0.868359504,-4.907916664
1,9.211989362,,0.860327571,-4.895586035
0,1e+308,,0.852148395,-4.883255406
0,9.827322008,,0.843731597,-4.870924777
0.040927655,9.634382687,,0.834999685,-4.858594147
0.081855302,9.641976296,,0.825889292,-4.846263518
0.122782956,9.612580927,,0.816351961,-4.833932889
0.163710603,9.762146119,,0.806354482,-4.82160226
0.204638258,9.979020573,,0.795878825,-4.809271631
0.245565905,9.61651923,,0.784921683,-4.796941001
0.28649356,9.645584253,,0.773493688,-4.784610372
0.327421207,9.331501214,,0.76161834,-4.772279743
0.368348861,9.630981808,,0.749330695,-4.759949114
0.410463233,9.664230037,,0.736675874,-4.747618485
0.452577604,9.625131089,,0.723707431,-4.735287855
0.494691975,9.588918724,,0.710485644,-4.722957226
0.536806347,9.186847948,,0.697075756,-4.710626597
0.578920718,9.251471991,,0.683563832,-4.698295968
0.621028646,9.530073835,,0.669990272,-4.685965339
0.663136574,9.740807768,,0.656438504,-4.673634709
0.705244503,10.22131536,,0.64297706,-4.66130408
0.747352431,10.38665934,,0.629671415,-4.648973451
0.789460359,10.12434351,,0.617136143,-4.636642822
0.831568287,9.821140126,,0.605420575,-4.624312192
0.873676215,9.610173264,,0.594007938,-4.611981563
0.915784144,9.661070796,,0.58292796,-4.599650934
0.957892072,9.636392248,,0.572203006,-4.587320305
1,9.827322008,,0.561847825,-4.574989676
0,1e+308,,0.551869463,-4.562659046
0,10.2171814,,0.54226733,-4.550328417
0.040927655,10.14221268,,0.533033436,-4.537997788
0.081855302,9.880844078,,0.524152774,-4.525667159
0.122782956,10.07276733,,0.515603861,-4.51333653
0.163710603,10.13764171,,0.507352786,-4.5010059
0.204638258,10.08694282,,0.499380017,-4.488675271
0.245565905,10.2039749,,0.491645583,-4.476344642
0.28649356,9.991613185,,0.484107484,-4.464014013
0.327421207,10.15664288,,0.476724864,-4.451683384
0.368348861,9.695437684,,0.469456348,-4.439352754
0.410463233,9.715790711,,0.462261375,-4.427022125
0.452577604,9.746464471,,0.455101564,-4.414691496
0.494691975,9.73291946,,0.447942108,-4.402360867
0.536806347,9.72691418,,0.440753124,-4.390030238
0.578920718,9.276191084,,0.433510974,-4.377699608
0.621028646,9.560018602,,0.426179585,-4.365368979
0.663136574,9.915976151,,0.418796114,-4.35303835
0.705244503,10.39631122,,0.411336413,-4.340707721
0.747352431,10.45325267,,0.403812947,-4.328377092
0.789460359,10.37175812,,0.396802389,-4.316046462
0.831568287,10.72888739,,0.390332743,-4.303715833
0.873676215,10.22712417,,0.383883511,-4.291385204
0.915784144,9.711759889,,0.377498891,-4.279054575
0.957892072,10.08947756,,0.371234023,-4.266723946
1,10.2171814,,0.365154394,-4.254393316
0,1e+308,,0.359334917,-4.242062687
0,10.2785243,,0.35385872,-4.229732058
0.040927655,10.47761339,,0.348815647,-4.217401429
0.081855302,10.54003658,,0.344300492,-4.2050708
0.122782956,10.52239163,,0.340411009,-4.19274017
0.163710603,10.82021342,,0.337245723,-4.180409541
0.204638258,10.34080598,,0.334901597,-4.168078912
0.245565905,10.38029705,,0.333471594,-4.155748283
0.28649356,10.1837963,,0.333042195,-4.143417654
0.327421207,10.21481401,,0.333690928,-4.131087024
0.368348861,9.837024499,,0.335483968,-4.118756395
0.410463233,9.832423598,,0.338473859,-4.106425766
0.452577604,9.833679948,,0.342697424,-4.094095137
0.494691975,9.806052774,,0.348173921,-4.081764507
0.536806347,9.901065401,,0.354903483,-4.069433878
0.578920718,9.355566417,,0.362865901,-4.057103249
0.621028646,9.69056984,,0.372019791,-4.04477262
0.663136574,10.08499639,,0.382305095,-4.032441991
0.705244503,10.57430278,,0.393632302,-4.020111361
0.747352431,10.53078607,,0.405897962,-4.007780732
0.789460359,10.71574048,,0.418976208,-3.995450103
0.831568287,10.87965206,,0.432709067,-3.983119474
0.873676215,11.17119727,,0.446964636,-3.970788845
0.915784144,10.86938602,,0.461548958,-3.958458215
0.957892072,10.52675062,,0.476273373,-3.946127586
1,10.2785243,,0.490939809,-3.933796957
0,1e+308,,0.505343951,-3.921466328
0,12.1115922,,0.519278598,-3.909135699
0.040927655,11.6976608,,0.532537165,-3.896805069
0.081855302,11.67695049,,0.544917223,-3.88447444
0.122782956,11.64250686,,0.556232831,-3.872143811
0.163710603,11.1957637,,0.566285579,-3.859813182
0.204638258,11.0445378,,0.574913008,-3.847482553
0.245565905,10.51305404,,0.581963424,-3.835151923
0.28649356,10.73664372,,0.587305223,-3.822821294
0.327421207,10.94558823,,0.590829209,-3.810490665
0.368348861,11.52275174,,0.59245048,-3.798160036
0.410463233,10.98425343,,0.59210985,-3.785829407
0.452577604,10.07391891,,0.590881671,-3.773498777
0.494691975,9.982247843,,0.588747866,-3.761168148
0.536806347,10.04191805,,0.584598075,-3.748837519
0.578920718,10.20496594,,0.578455904,-3.73650689
0.621028646,9.785466819,,0.570371403,-3.724176261
0.663136574,10.16464629,,0.560413331,-3.711845631
0.705244503,10.67176471,,0.548695795,-3.699515002
0.747352431,10.93257139,,0.53533114,-3.687184373
0.789460359,11.33517252,,0.520460052,-3.674853744
0.831568287,11.63398888,,0.50424018,-3.662523115
0.873676215,11.36777421,,0.48686096,-3.650192485
0.915784144,11.42428626,,0.468475915,-3.637861856
0.957892072,11.67479317,,0.449289979,-3.625531227
1,12.1115922,,0.429500107,-3.613200598
0,1e+308,,0.409305588,-3.600869968
0,12.12264928,,0.388905211,-3.588539339
0.040927655,12.30638516,,0.368494598,-3.57620871
0.081855302,12.59504461,,0.348263765,-3.563878081
0.122782956,12.2092095,,0.328394933,-3.551547452
0.163710603,11.90675879,,0.309060631,-3.539216822
0.204638258,11.27293682,,0.290422103,-3.526886193
0.245565905,10.6589125,,0.272628029,-3.514555564
0.28649356,10.90373876,,0.255822372,-3.502224935
0.327421207,10.96432082,,0.24011134,-3.489894306
0.368348861,11.55836301,,0.2256082,-3.477563676
0.410463233,11.07557919,,0.212405009,-3.465233047
0.452577604,10.73956649,,0.200579413,-3.452902418
0.494691975,10.24522137,,0.190195025,-3.440571789
0.536806347,10.08840952,,0.181301995,-3.42824116
0.578920718,10.31551164,,0.173937714,-3.41591053
0.621028646,9.926456343,,0.168127642,-3.403579901
0.663136574,10.61731881,,0.163879579,-3.391249272
0.705244503,10.90157055,,0.161212802,-3.378918643
0.747352431,11.15678449,,0.160113883,-3.366588014
0.789460359,11.56439849,,0.16057004,-3.354257384
0.831568287,11.75805728,,0.162561285,-3.341926755
0.873676215,12.05790741,,0.166061332,-3.329596126
0.915784144,12.60763014,,0.171038444,-3.317265497
0.957892072,12.32759263,,0.177456217,-3.304934868
1,12.12264928,,0.185274294,-3.292604238
0,1e+308,,0.194449002,-3.280273609
0,12.19240185,,0.204933911,-3.26794298
0.040927655,12.47056641,,0.216680325,-3.255612351
0.081855302,12.64959499,,0.229637696,-3.243281722
0.122782956,12.7313467,,0.243753978,-3.230951092
0.163710603,12.14855451,,0.258975906,-3.218620463
0.204638258,11.9334654,,0.27524923,-3.206289834
0.245565905,11.63896258,,0.292527684,-3.193959205
0.28649356,11.0105984,,0.310740726,-3.181628576
0.327421207,11.32281066,,0.329838772,-3.169297946
0.368348861,11.69146613,,0.349765036,-3.156967317
0.410463233,11.42042034,,0.370462137,-3.144636688
0.452577604,11.11436058,,0.391872034,-3.132306059
0.494691975,10.62825425,,0.413935907,-3.11997543
0.536806347,10.24796782,,0.436779946,-3.1076448
0.578920718,10.45146407,,0.460338684,-3.095314171
0.621028646,10.75663674,,0.484362319,-3.082983542
0.663136574,11.08809479,,0.508791673,-3.070652913
0.705244503,10.94621954,,0.533542201,-3.058322283
0.747352431,11.23139783,,0.558548889,-3.045991654
0.789460359,11.81008518,,0.583737788,-3.033661025
0.831568287,11.94602073,,0.609032364,-3.021330396
0.873676215,12.41755346,,0.634353223,-3.008999767
0.915784144,12.6676688,,0.659617858,-2.996669137
0.957892072,12.47237678,,0.68474045,-2.984338508
1,12.19240185,,0.709640526,-2.972007879
0,1e+308,,0.734210529,-2.95967725
0,12.65831434,,0.758914489,-2.947346621
0.040927655,12.70346074,,0.783646831,-2.935015991
0.081855302,12.76052819,,0.807739474,-2.922685362
0.122782956,12.86329551,,0.831075752,-2.910354733
0.163710603,12.61676147,,0.853537878,-2.898024104
0.204638258,12.3977297,,0.875008008,-2.885693475
0.245565905,11.74286163,,0.895369479,-2.873362845
0.28649356,11.16852701,,0.914508189,-2.861032216
0.327421207,11.44355954,,0.932300853,-2.848701587
0.368348861,11.82104674,,0.948673016,-2.836370958
0.410463233,11.81596501,,0.963510444,-2.824040329
0.452577604,11.42130009,,0.976743288,-2.811709699
0.494691975,10.83517097,,0.988265508,-2.79937907
0.536806347,10.40789266,,0.998026994,-2.787048441
0.578920718,10.50848471,,1.005978901,-2.774717812
0.621028646,10.8119349,,1.012088521,-2.762387183
0.663136574,11.21763241,,1.016340721,-2.750056553
0.705244503,11.44510596,,1.018739176,-2.737725924
0.747352431,11.35108111,,1.020414239,-2.725395295
0.789460359,11.87066016,,1.021397258,-2.713064666
0.831568287,12.42064739,,1.020621172,-2.700734037
0.873676215,12.78399147,,1.018147385,-2.688403407
0.915784144,12.77823871,,1.014058967,-2.676072778
0.957892072,12.70956181,,1.00846034,-2.663742149
1,12.65831434,,1.001476534,-2.65141152
0,1e+308,,0.993252021,-2.639080891
0,12.98654784,,0.983949129,-2.626750261
0.040927655,13.26121438,,0.973746059,-2.614419632
0.081855302,12.91681486,,0.962834538,-2.602089003
0.122782956,13.06856077,,0.951417147,-2.589758374
0.163710603,12.96691918,,0.940257826,-2.577427745
0.204638258,12.5643001,,0.929565525,-2.565097115
0.245565905,12.35661765,,0.918991023,-2.552766486
0.28649356,12.29850747,,0.908736972,-2.540435857
0.327421207,12.16302226,,0.899001288,-2.528105228
0.368348861,11.88274692,,0.889974044,-2.515774598
0.410463233,11.95209186,,0.881834473,-2.503443969
0.452577604,11.67702532,,0.874748165,-2.49111334
0.494691975,11.59743692,,0.868864488,-2.478782711
0.536806347,11.21385955,,0.864314306,-2.466452082
0.578920718,10.62902515,,0.861208035,-2.454121452
0.621028646,10.96188676,,0.859642868,-2.441790823
0.663136574,11.34044228,,0.85967802,-2.429460194
0.705244503,11.58542527,,0.861346751,-2.417129565
0.747352431,11.7354117,,0.864690623,-2.404798936
0.789460359,11.99762521,,0.869682071,-2.392468306
0.831568287,12.57273535,,0.876289495,-2.380137677
0.873676215,12.90462253,,0.884466939,-2.367807048
0.915784144,13.05395234,,0.894140434,-2.355476419
0.957892072,13.26698401,,0.905216193,-2.34314579
1,12.98654784,,0.91758247,-2.33081516
0,1e+308,,0.931111627,-2.318484531
0,14.53625681,,0.94566239,-2.306153902
0.040927655,13.85424757,,0.961082233,-2.293823273
0.081855302,13.7720534,,0.977209834,-2.281492644
0.122782956,13.187222,,0.994431012,-2.269162014
0.163710603,12.98278369,,1.012568014,-2.256831385
0.204638258,12.69151985,,1.030882059,-2.244500756
0.245565905,12.46746104,,1.049189102,-2.232170127
0.28649356,12.31901424,,1.067317641,-2.219839498
0.327421207,12.17203712,,1.085078641,-2.207508868
0.368348861,12.02405264,,1.102312837,-2.195178239
0.410463233,12.10941094,,1.11895454,-2.18284761
0.452577604,11.91631107,,1.134863907,-2.170516981
0.494691975,11.94581637,,1.149813506,-2.158186352
0.536806347,11.31121208,,1.164239535,-2.145855722
0.578920718,10.8378434,,1.17803474,-2.133525093
0.621028646,11.12035742,,1.190549648,-2.121194464
0.663136574,11.41993598,,1.201706958,-2.108863835
0.705244503,11.80045371,,1.211449133,-2.096533206
0.747352431,12.26268368,,1.219756905,-2.084202576
0.789460359,12.2447375,,1.22658525,-2.071871947
0.831568287,12.67908696,,1.231954304,-2.059541318
0.873676215,13.15840623,,1.236446864,-2.047210689
0.915784144,13.27367039,,1.24011751,-2.034880059
0.957892072,13.88475425,,1.242453765,-2.02254943
1,14.53625681,,1.243562696,-2.010218801
0,1e+308,,1.243543936,-1.997888172
0,14.54351626,,1.242528225,-1.985557543
0.040927655,14.22740543,,1.24066781,-1.973226913
0.081855302,13.79745197,,1.238135294,-1.960896284
0.122782956,13.25041717,,1.2351221,-1.948565655
0.163710603,13.18473515,,1.231836524,-1.936235026
0.204638258,13.11546885,,1.228510181,-1.923904397
0.245565905,13.28720533,,1.225362839,-1.911573767
0.28649356,13.1526913,,1.222644387,-1.899243138
0.327421207,12.5196639,,1.221709963,-1.886912509
0.368348861,12.03319022,,1.222796278,-1.87458188
0.410463233,12.11676862,,1.225017623,-1.862251251
0.452577604,12.09910925,,1.22858827,-1.849920621
0.494691975,12.00557965,,1.233711423,-1.837589992
0.536806347,12.11009286,,1.240574995,-1.825259363
0.578920718,12.41489899,,1.249364992,-1.812928734
0.621028646,12.0078654,,1.260183396,-1.800598105
0.663136574,11.53056468,,1.273191012,-1.788267475
0.705244503,11.84807444,,1.288457263,-1.775936846
0.747352431,12.38060149,,1.306035191,-1.763606217
0.789460359,12.70176085,,1.325941384,-1.751275588
0.831568287,12.73864996,,1.348154183,-1.738944959
0.873676215,13.38191455,,1.372612631,-1.726614329
0.915784144,14.00237083,,1.399216252,-1.7142837
0.957892072,14.07071766,,1.427825692,-1.701953071
1,14.54351626,,1.458264244,-1.689622442
0,1e+308,,1.490320267,-1.677291813
0,14.78007652,,1.523750456,-1.664961183
0.040927655,14.62316643,,1.558277278,-1.652630554
0.081855302,13.99108137,,1.593621947,-1.640299925
0.122782956,13.5727156,,1.629464651,-1.627969296
0.163710603,13.41078691,,1.665482808,-1.615638667
0.204638258,13.25056928,,1.701357267,-1.603308037
0.245565905,13.50753889,,1.736746295,-1.590977408
0.28649356,13.19740559,,1.771337114,-1.578646779
0.327421207,12.70901568,,1.804823903,-1.56631615
0.368348861,12.27962739,,1.836937901,-1.553985521
0.410463233,12.33346648,,1.867387987,-1.541654891
0.452577604,12.25816523,,1.895955726,-1.529324262
0.494691975,12.15534212,,1.922996376,-1.516993633
0.536806347,12.31680658,,1.948895483,-1.504663004
0.578920718,12.51749543,,1.972957921,-1.492332374
0.621028646,12.02986853,,1.995629457,-1.480001745
0.663136574,11.7641491,,2.017384137,-1.467671116
0.705244503,12.22659186,,2.037057451,-1.455340487
0.747352431,12.47810722,,2.054071891,-1.443009858
0.789460359,13.09035682,,2.068450419,-1.430679228
0.831568287,13.09719831,,2.080228149,-1.418348599
0.873676215,13.46830851,,2.089494276,-1.40601797
0.915784144,14.21341742,,2.09636002,-1.393687341
0.957892072,14.86980714,,2.100969705,-1.381356712
1,14.78007652,,2.103463667,-1.369026082
0,1e+308,,2.104018526,-1.356695453
0,15.12416092,,2.10280743,-1.344364824
0.040927655,14.90394056,,2.10003006,-1.332034195
0.081855302,14.16221566,,2.095862884,-1.319703566
0.122782956,13.66502205,,2.090487341,-1.307372936
0.163710603,13.62038858,,2.084630758,-1.295042307
0.204638258,13.36773987,,2.078449987,-1.282711678
0.245565905,13.59498512,,2.071530441,-1.270381049
0.28649356,13.47857238,,2.063991122,-1.25805042
0.327421207,13.08860522,,2.055942394,-1.24571979
0.368348861,12.76875718,,2.047482209,-1.233389161
0.410463233,12.60274624,,2.038663843,-1.221058532
0.452577604,12.35275418,,2.029568585,-1.208727903
0.494691975,12.30643224,,2.020233682,-1.196397274
0.536806347,12.54266024,,2.010693047,-1.184066644
0.578920718,12.763596,,2.000970463,-1.171736015
0.621028646,13.00362244,,1.992190161,-1.159405386
0.663136574,12.90710257,,1.984347385,-1.147074757
0.705244503,12.36497481,,1.976318512,-1.134744128
0.747352431,12.79050533,,1.96809648,-1.122413498
0.789460359,13.20521961,,1.960204471,-1.110082869
0.831568287,13.15519774,,1.952630245,-1.09775224
0.873676215,13.5734631,,1.944804315,-1.085421611
0.915784144,14.30346805,,1.936719505,-1.073090982
0.957892072,14.95671241,,1.928378985,-1.060760352
1,15.12416092,,1.919797281,-1.048429723
0,1e+308,,1.911000811,-1.036099094
0,15.14394768,,1.902027939,-1.023768465
0.040927655,15.19026771,,1.892928553,-1.011437835
0.081855302,14.54537861,,1.884316649,-0.999107206
0.122782956,14.27983605,,1.876255867,-0.986776577
0.163710603,13.78874623,,1.868257982,-0.974445948
0.204638258,13.88253978,,1.860381126,-0.962115319
0.245565905,13.67119795,,1.852730776,-0.949784689
0.28649356,13.50685834,,1.845367295,-0.93745406
0.327421207,13.35196733,,1.838368462,-0.925123431
0.368348861,12.99800465,,1.83181251,-0.912792802
0.410463233,12.86278612,,1.825765071,-0.900462173
0.452577604,12.78954695,,1.821398941,-0.888131543
0.494691975,12.5322157,,1.818756279,-0.875800914
0.536806347,12.66494167,,1.816749244,-0.863470285
0.578920718,12.83025219,,1.815385296,-0.851139656
0.621028646,13.06628454,,1.814659511,-0.838809027
0.663136574,13.19603168,,1.814554111,-0.826478397
0.705244503,13.02566801,,1.815038319,-0.814147768
0.747352431,12.90169077,,1.816068553,-0.801817139
0.789460359,13.26676087,,1.817588955,-0.78948651
0.831568287,13.84065221,,1.81953223,-0.777155881
0.873676215,13.97273845,,1.821820793,-0.764825251
0.915784144,14.39919552,,1.824368171,-0.752494622
0.957892072,15.06436935,,1.827080627,-0.740163993
1,15.14394768,,1.829858971,-0.727833364
0,1e+308,,1.83260048,-0.715502735
0,15.58686574,,1.83520089,-0.703172105
0.040927655,15.39746934,,1.837556398,-0.690841476
0.081855302,15.01383754,,1.840119044,-0.678510847
0.122782956,14.41971916,,1.842785355,-0.666180218
0.163710603,13.99556444,,1.844898118,-0.653849589
0.204638258,13.98749164,,1.846361247,-0.641518959
0.245565905,13.79426851,,1.848194631,-0.62918833
0.28649356,13.76470062,,1.850308841,-0.616857701
0.327421207,13.54949395,,1.851506114,-0.604527072
0.368348861,13.43892321,,1.851700959,-0.592196443
0.410463233,13.15211496,,1.850835286,-0.579865813
0.452577604,13.03408803,,1.848861518,-0.567535184
0.494691975,12.80759191,,1.845716245,-0.555204555
0.536806347,13.39787702,,1.841392903,-0.542873926
0.578920718,12.86932828,,1.835869861,-0.530543297
0.621028646,13.12947346,,1.829128793,-0.518212667
0.663136574,13.48502447,,1.821721441,-0.505882038
0.705244503,13.20145627,,1.813646018,-0.493551409
0.747352431,13.47469503,,1.804345629,-0.48122078
0.789460359,13.37436883,,1.793819985,-0.46889015
0.831568287,13.86799476,,1.782623965,-0.456559521
0.873676215,14.60856507,,1.770753104,-0.444228892
0.915784144,14.45539328,,1.757642547,-0.431898263
0.957892072,15.23829064,,1.743279531,-0.419567634
1,15.58686574,,1.727649475,-0.407237004
0,1e+308,,1.710735782,-0.394906375
0,15.83320495,,1.692519931,-0.382575746
0.040927655,15.49851555,,1.672975217,-0.370245117
0.081855302,15.05721221,,1.652095582,-0.357914488
0.122782956,14.61268869,,1.629943596,-0.345583858
0.163710603,14.36868938,,1.606498419,-0.333253229
0.204638258,14.18712768,,1.581648321,-0.3209226
0.245565905,13.96432142,,1.555931115,-0.308591971
0.28649356,13.80039651,,1.529330262,-0.296261342
0.327421207,13.60735379,,1.501276531,-0.283930712
0.368348861,13.48842807,,1.471762924,-0.271600083
0.410463233,13.75162364,,1.440792837,-0.259269454
0.452577604,13.55029124,,1.408381505,-0.246938825
0.494691975,13.89917138,,1.374636181,-0.234608196
0.536806347,13.5979079,,1.339627908,-0.222277566
0.578920718,13.17175859,,1.303301829,-0.209946937
0.621028646,13.41447188,,1.266834698,-0.197616308
0.663136574,13.70974015,,1.230291979,-0.185285679
0.705244503,14.03310282,,1.192655875,-0.17295505
0.747352431,13.79024394,,1.154006269,-0.16062442
0.789460359,13.50338807,,1.114445573,-0.148293791
0.831568287,14.0831987,,1.074088967,-0.135963162
0.873676215,14.64334585,,1.033063117,-0.123632533
0.915784144,15.04739407,,0.991504635,-0.111301904
0.957892072,15.29382689,,0.949558301,-0.098971274
1,15.83320495,,0.907375115,-0.086640645
0,1e+308,,0.865103585,-0.074310016
0,15.94951593,,0.822915773,-0.061979387
0.040927655,15.60188288,,0.780959967,-0.049648758
0.081855302,15.24220772,,0.739390952,-0.037318128
0.122782956,14.74079743,,0.698359171,-0.024987499
0.163710603,14.37556298,,0.65800883,-0.01265687
0.204638258,14.18896581,,0.618476166,-0.000326241
0.245565905,13.96769318,,0.580072409,0.012004389
0.28649356,13.83971859,,0.542911416,0.024335018
0.327421207,13.7232302,,0.506895388,0.036665647
0.368348861,13.68828534,,0.47214159,0.048996276
0.410463233,13.92197697,,0.438707068,0.061326905
0.452577604,14.21703708,,0.406653202,0.073657535
0.494691975,14.31500622,,0.376028111,0.085988164
0.536806347,13.61870284,,0.346866887,0.098318793
0.578920718,14.43856114,,0.319192018,0.110649422
0.621028646,14.03905123,,0.29301398,0.122980051
0.663136574,13.8071414,,0.268331967,0.135310681
0.705244503,14.16591695,,0.245134742,0.14764131
0.747352431,13.95009966,,0.223401564,0.159971939
0.789460359,13.61578469,,0.203103186,0.172302568
0.831568287,14.14623877,,0.184202878,0.184633197
0.873676215,14.79325907,,0.166657465,0.196963827
0.915784144,15.24783367,,0.150418357,0.209294456
0.957892072,15.38291288,,0.135432545,0.221625085
1,15.94951593,,0.121643561,0.233955714
0,1e+308,,0.108985744,0.246286343
0,15.95357042,,0.097413263,0.258616973
0.040927655,15.61936592,,0.086855721,0.270947602
0.081855302,15.28948096,,0.077251231,0.283278231
0.122782956,14.87368286,,0.068524957,0.29560886
0.163710603,14.55269684,,0.060646034,0.307939489
0.204638258,14.59002133,,0.053537699,0.320270119
0.245565905,14.20354703,,0.047142455,0.332600748
0.28649356,14.0667867,,0.04140479,0.344931377
0.327421207,13.80307982,,0.036271438,0.357262006
0.368348861,13.70590144,,0.031691583,0.369592635
0.410463233,13.96827932,,0.027617003,0.381923265
0.452577604,14.71987596,,0.024002169,0.394253894
0.494691975,14.59008473,,0.020804299,0.406584523
0.536806347,14.65869198,,0.017976741,0.418915152
0.578920718,14.5048029,,0.015497145,0.431245781
0.621028646,14.12186717,,0.01332226,0.443576411
0.663136574,14.02568309,,0.011420253,0.45590704
0.705244503,14.1972446,,0.009755192,0.468237669
0.747352431,14.70180325,,0.008315141,0.480568298
0.789460359,15.34154396,,0.007066891,0.492898927
0.831568287,14.97768831,,0.005988225,0.505229557
0.873676215,14.89278008,,0.005059003,0.517560186
0.915784144,15.49799472,,0.004261033,0.529890815
0.957892072,15.80659603,,0.003577951,0.542221444
1,15.95357042,,0.002995089,0.554552074
0,1e+308,,0.002499353,0.566882703
0,16.19678577,,0.002077992,0.579213332
0.040927655,15.78605796,,0.001723175,0.591543961
0.081855302,15.40973841,,0.001424351,0.60387459
0.122782956,14.89164646,,0.001166898,0.61620522
0.163710603,14.57065853,,0.000958742,0.628535849
0.204638258,14.846238,,0.00078509,0.640866478
0.245565905,14.26390896,,0.000640734,0.653197107
0.28649356,14.23600912,,0.000521154,0.665527736
0.327421207,14.44615611,,0.000422451,0.677858366
0.368348861,14.68931159,,0.000340166,0.690188995
0.410463233,14.47608264,,0.000273914,0.702519624
0.452577604,14.96924189,,0.0002198,0.714850253
0.494691975,15.12317288,,0.000162495,0.727180882
0.536806347,15.08316398,,0.000130097,0.739511512
0.578920718,14.63205285,,0.000103763,0.751842141
0.621028646,14.75497538,,8.24E-05,0.76417277
0.663136574,14.1030007,,0.000101064,1.245067309
0.705244503,14.33020623,,0.000147454,1.257397938
0.747352431,14.76479161,,0.000189505,1.269728567
0.789460359,15.40922955,,0.000242692,1.282059197
0.831568287,15.39901005,,0.000309713,1.294389826
0.873676215,15.10005191,,0.000393854,1.306720455
0.915784144,15.54447802,,0.000499093,1.319051084
0.957892072,16.0162913,,0.000630231,1.331381713
1,16.19678577,,0.00079303,1.343712343
0,1e+308,,0.000994379,1.356042972
0,16.20576824,,0.001242472,1.368373601
0.040927655,15.80306154,,0.001547014,1.38070423
0.081855302,15.46990876,,0.001919441,1.393034859
0.122782956,15.53549718,,0.002373167,1.405365489
0.163710603,15.54810992,,0.002923849,1.417696118
0.204638258,14.89794589,,0.003589671,1.430026747
0.245565905,15.11550988,,0.004391648,1.442357376
0.28649356,14.64195453,,0.005353938,1.454688005
0.327421207,14.53957578,,0.006504173,1.467018635
0.368348861,14.77190766,,0.007873784,1.479349264
0.410463233,14.73906515,,0.009498334,1.491679893
0.452577604,14.98544192,,0.011417831,1.504010522
0.494691975,15.29168019,,0.013677027,1.516341151
0.536806347,15.51305513,,0.016325684,1.528671781
0.578920718,15.81956116,,0.019418793,1.54100241
0.621028646,15.3481068,,0.023016741,1.553333039
0.663136574,14.84975263,,0.027203007,1.565663668
0.705244503,14.53786555,,0.032019403,1.577994298
0.747352431,15.01336379,,0.03755631,1.590324927
0.789460359,15.48245239,,0.043896092,1.602655556
0.831568287,15.56181167,,0.051126017,1.614986185
0.873676215,15.40205364,,0.059337764,1.627316814
0.915784144,15.72509167,,0.068626755,1.639647444
0.957892072,16.10806278,,0.079091324,1.651978073
1,16.20576824,,0.090831688,1.664308702
0,1e+308,,0.103948737,1.676639331
0,16.2284941,,0.118542628,1.68896996
0.040927655,16.26328386,,0.134711194,1.70130059
0.081855302,16.12777525,,0.152548174,1.713631219
0.122782956,16.02522534,,0.172141292,1.725961848
0.163710603,15.61041964,,0.19357019,1.738292477
0.204638258,14.98223179,,0.216904255,1.750623106
0.245565905,15.12861216,,0.242200386,1.762953736
0.28649356,15.03029444,,0.269518332,1.775284365
0.327421207,14.9418003,,0.298853691,1.787614994
0.368348861,14.91145308,,0.330226084,1.799945623
0.410463233,14.97161336,,0.363620773,1.812276252
0.452577604,15.22176925,,0.399000121,1.824606882
0.494691975,15.34280167,,0.436302052,1.836937511
0.536806347,15.60252779,,0.475438844,1.84926814
0.578920718,15.92032655,,0.516296304,1.861598769
0.621028646,15.42199877,,0.558733396,1.873929398
0.663136574,14.87638495,,0.602582359,1.886260028
0.705244503,14.70558644,,0.647649363,1.898590657
0.747352431,15.11041591,,0.693717183,1.910921286
0.789460359,15.68805508,,0.740541601,1.923251915
0.831568287,16.09661522,,0.787861294,1.935582544
0.873676215,15.81515645,,0.835396073,1.947913174
0.915784144,15.86087784,,0.882851443,1.960243803
0.957892072,16.29177662,,0.929922541,1.972574432
1,16.2284941,,0.976298495,1.984905061
0,1e+308,,1.021667108,1.99723569
0,16.29599847,,1.065719785,2.00956632
0.040927655,16.34882502,,1.108156591,2.021896949
0.081855302,16.22984216,,1.148875805,2.034227578
0.122782956,16.06778014,,1.18760783,2.046558207
0.163710603,15.7170352,,1.223919963,2.058888836
0.204638258,15.41710099,,1.257591929,2.071219466
0.245565905,15.16845697,,1.288435387,2.083550095
0.28649356,15.05191688,,1.316297331,2.095880724
0.327421207,14.94522839,,1.34161627,2.108211353
0.368348861,14.96927291,,1.364310992,2.120541983
0.410463233,15.06499059,,1.383781824,2.132872612
0.452577604,15.30069559,,1.400577777,2.145203241
0.494691975,15.54029073,,1.414729529,2.15753387
0.536806347,15.88774935,,1.425748273,2.169864499
0.578920718,15.96611133,,1.43484391,2.182195129
0.621028646,15.97592376,,1.442142498,2.194525758
0.663136574,16.50004058,,1.44668303,2.206856387
0.705244503,15.62188515,,1.448657757,2.219187016
0.747352431,15.15968294,,1.448236304,2.231517645
0.789460359,15.77397502,,1.445651302,2.243848275
0.831568287,16.13700372,,1.441136986,2.256178904
0.873676215,16.34210163,,1.434946034,2.268509533
0.915784144,16.1841654,,1.427320668,2.280840162
0.957892072,16.30349113,,1.418500193,2.293170791
1,16.29599847,,1.40873292,2.305501421
0,1e+308,,1.39824987,2.31783205
,,,1.387275895,2.330162679
,,,1.375993505,2.342493308
,,,1.364584835,2.354823937
,,,1.353200934,2.367154567
,,,1.341966569,2.379485196
,,,1.330979126,2.391815825
,,,1.320308239,2.404146454
,,,1.309996129,2.416477083
,,,1.300058628,2.428807713
,,,1.290486827,2.441138342
,,,1.281249307,2.453468971
,,,1.272294856,2.4657996
,,,1.263555622,2.478130229
,,,1.256057483,2.490460859
,,,1.249706204,2.502791488
,,,1.243259182,2.515122117
,,,1.236601427,2.527452746
,,,1.22961488,2.539783375
,,,1.222189329,2.552114005
,,,1.21422646,2.564444634
,,,1.205643621,2.576775263
,,,1.196377211,2.589105892
,,,1.186394439,2.601436522
,,,1.175663401,2.613767151
,,,1.16420017,2.62609778
,,,1.152041966,2.638428409
,,,1.139254529,2.650759038
,,,1.12593225,2.663089668
,,,1.112197666,2.675420297
,,,1.098200317,2.687750926
,,,1.085221888,2.700081555
,,,1.073447468,2.712412184
,,,1.061962864,2.724742814
,,,1.050978,2.737073443
,,,1.040716537,2.749404072
,,,1.031411951,2.761734701
,,,1.02330321,2.77406533
,,,1.016631609,2.78639596
,,,1.011630495,2.798726589
,,,1.008527774,2.811057218
,,,1.007536129,2.823387847
,,,1.008941347,2.835718476
,,,1.012911918,2.848049106
,,,1.019494451,2.860379735
,,,1.028795032,2.872710364
,,,1.040883276,2.885040993
,,,1.055789221,2.897371622
,,,1.073500875,2.909702252
,,,1.093980146,2.922032881
,,,1.117097193,2.93436351
,,,1.142720764,2.946694139
,,,1.170660494,2.959024768
,,,1.200700168,2.971355398
,,,1.232552961,2.983686027
,,,1.265920922,2.996016656
,,,1.300485782,3.008347285
,,,1.335855842,3.020677914
,,,1.371655316,3.033008544
,,,1.407502274,3.045339173
,,,1.442983247,3.057669802
,,,1.477685695,3.070000431
,,,1.511224186,3.08233106
,,,1.543201945,3.09466169
,,,1.573236463,3.106992319
,,,1.601013192,3.119322948
,,,1.626200835,3.131653577
,,,1.649628019,3.143984207
,,,1.671043598,3.156314836
,,,1.689120386,3.168645465
,,,1.703684652,3.180976094
,,,1.715164876,3.193306723
,,,1.72403329,3.205637353
,,,1.729693163,3.217967982
,,,1.731591814,3.230298611
,,,1.729779444,3.24262924
,,,1.724907418,3.254959869
,,,1.71713025,3.267290499
,,,1.706037886,3.279621128
,,,1.691855854,3.291951757
,,,1.674831641,3.304282386
,,,1.655243811,3.316613015
,,,1.633397613,3.328943645
,,,1.609620442,3.341274274
,,,1.584257238,3.353604903
,,,1.557665898,3.365935532
,,,1.53022157,3.378266161
,,,1.502279898,3.390596791
,,,1.474217987,3.40292742
,,,1.446388952,3.415258049
,,,1.419734589,3.427588678
,,,1.394578301,3.439919307
,,,1.370686648,3.452249937
,,,1.348362039,3.464580566
,,,1.327886592,3.476911195
,,,1.309519602,3.489241824
,,,1.293495177,3.501572453
,,,1.280020017,3.513903083
,,,1.269824796,3.526233712
,,,1.263049051,3.538564341
,,,1.259239569,3.55089497
,,,1.258462267,3.563225599
,,,1.260747676,3.575556229
,,,1.266090122,3.587886858
,,,1.274447224,3.600217487
,,,1.285739752,3.612548116
,,,1.299838608,3.624878745
,,,1.316621923,3.637209375
,,,1.335885926,3.649540004
,,,1.357411456,3.661870633
,,,1.380948639,3.674201262
,,,1.406219731,3.686531892
,,,1.432922504,3.698862521
,,,1.460826389,3.71119315
,,,1.489591317,3.723523779
,,,1.518772516,3.735854408
,,,1.548011174,3.748185038
,,,1.576946455,3.760515667
,,,1.605225655,3.772846296
,,,1.632502119,3.785176925
,,,1.658445936,3.797507554
,,,1.68274749,3.809838184
,,,1.705122066,3.822168813
,,,1.725313937,3.834499442
,,,1.744206695,3.846830071
,,,1.761599591,3.8591607
,,,1.77620969,3.87149133
,,,1.787908596,3.883821959
,,,1.797137283,3.896152588
,,,1.80383783,3.908483217
,,,1.807424254,3.920813846
,,,1.809007531,3.933144476
,,,1.808614785,3.945475105
,,,1.805181013,3.957805734
,,,1.798779791,3.970136363
,,,1.789508033,3.982466992
,,,1.7774934,3.994797622
,,,1.762852369,4.007128251
,,,1.745738726,4.01945888
,,,1.726306573,4.031789509
,,,1.704714174,4.044120138
,,,1.681120382,4.056450768
,,,1.655668235,4.068781397
,,,1.628538692,4.081112026
,,,1.599858238,4.093442655
,,,1.569762182,4.105773284
,,,1.53836957,4.118103914
,,,1.50580448,4.130434543
,,,1.472179371,4.142765172
,,,1.437583133,4.155095801
,,,1.402105953,4.167426431
,,,1.365825527,4.17975706
,,,1.329944065,4.192087689
,,,1.294518836,4.204418318
,,,1.258496956,4.216748947
,,,1.221935581,4.229079577
,,,1.184897479,4.241410206
,,,1.147453264,4.253740835
,,,1.109683304,4.266071464
,,,1.071679235,4.278402093
,,,1.033545029,4.290732723
,,,0.995951011,4.303063352
,,,0.95902075,4.315393981
,,,0.922330734,4.32772461
,,,0.886022864,4.340055239
,,,0.850243201,4.352385869
,,,0.815171472,4.364716498
,,,0.780963108,4.377047127
,,,0.747794339,4.389377756
,,,0.715850195,4.401708385
,,,0.685309125,4.414039015
,,,0.656329271,4.426369644
,,,0.629075235,4.438700273
,,,0.603703914,4.451030902
,,,0.580374888,4.463361531
,,,0.559209164,4.475692161
,,,0.540319051,4.48802279
,,,0.523797106,4.500353419
,,,0.509714196,4.512684048
,,,0.498117904,4.525014677
,,,0.489031321,4.537345307
,,,0.482452245,4.549675936
,,,0.478370413,4.562006565
,,,0.476702798,4.574337194
,,,0.477393259,4.586667823
,,,0.480324748,4.598998453
,,,0.485379144,4.611329082
,,,0.492410891,4.623659711
,,,0.501254762,4.63599034
,,,0.511733157,4.648320969
,,,0.523651524,4.660651599
,,,0.536807009,4.672982228
,,,0.550999293,4.685312857
,,,0.566001917,4.697643486
,,,0.581611312,4.709974116
,,,0.597622546,4.722304745
,,,0.613857526,4.734635374
,,,0.630104138,4.746966003
,,,0.646210356,4.759296632
,,,0.662018178,4.771627262
,,,0.677436567,4.783957891
,,,0.692354067,4.79628852
,,,0.707259536,4.808619149
,,,0.722106746,4.820949778
,,,0.736344157,4.833280408
,,,0.749984039,4.845611037
,,,0.763068587,4.857941666
,,,0.77580947,4.870272295
,,,0.788328606,4.882602924
,,,0.800656483,4.894933554
,,,0.81298805,4.907264183
,,,0.826176724,4.919594812
,,,0.840445221,4.931925441
,,,0.855381385,4.94425607
,,,0.87123235,4.9565867
,,,0.888253848,4.968917329
,,,0.906704851,4.981247958
,,,0.926859578,4.993578587
,,,0.948937002,5.005909216
,,,0.973185449,5.018239846
,,,0.999829424,5.030570475
,,,1.029045131,5.042901104
,,,1.061000662,5.055231733
,,,1.095823313,5.067562362
,,,1.133602329,5.079892992
,,,1.174385701,5.092223621
,,,1.21817775,5.10455425
,,,1.264924277,5.116884879
,,,1.314568246,5.129215508
,,,1.366959672,5.141546138
,,,1.42192152,5.153876767
,,,1.47923412,5.166207396
,,,1.538638038,5.178538025
,,,1.599855349,5.190868655
,,,1.662538029,5.203199284
,,,1.726330889,5.215529913
,,,1.790859215,5.227860542
,,,1.855756693,5.240191171
,,,1.920600616,5.252521801
,,,1.984995658,5.26485243
,,,2.048543094,5.277183059
,,,2.111037983,5.289513688
,,,2.172103889,5.301844317
,,,2.231198321,5.314174947
,,,2.288542236,5.326505576
,,,2.34493366,5.338836205
,,,2.400087445,5.351166834
,,,2.452606407,5.363497463
,,,2.501702563,5.375828093
,,,2.547177694,5.388158722
,,,2.588878183,5.400489351
,,,2.626695833,5.41281998
,,,2.660567889,5.425150609
,,,2.690476281,5.437481239
,,,2.716446148,5.449811868
,,,2.738543688,5.462142497
,,,2.756873425,5.474473126
,,,2.772681844,5.486803755
,,,2.786127334,5.499134385
,,,2.796829855,5.511465014
,,,2.804980336,5.523795643
,,,2.810229939,5.536126272
,,,2.812799415,5.548456901
,,,2.812921797,5.560787531
,,,2.810838559,5.57311816
,,,2.80679586,5.585448789
,,,2.801040912,5.597779418
,,,2.794371979,5.610110047
,,,2.787021944,5.622440677
,,,2.778664232,5.634771306
,,,2.769491129,5.647101935
,,,2.76081018,5.659432564
,,,2.752787691,5.671763193
,,,2.744453966,5.684093823
,,,2.735946412,5.696424452
,,,2.72733726,5.708755081
,,,2.718723523,5.72108571
,,,2.710163834,5.73341634
,,,2.701719953,5.745746969
,,,2.693429429,5.758077598
,,,2.685273611,5.770408227
,,,2.677259699,5.782738856
,,,2.669363922,5.795069486
,,,2.662657166,5.807400115
,,,2.657071944,5.819730744
,,,2.651409,5.832061373
,,,2.645556031,5.844392002
,,,2.63941531,5.856722632
,,,2.632852693,5.869053261
,,,2.625737186,5.88138389
,,,2.617932524,5.893714519
,,,2.609299103,5.906045148
,,,2.600802874,5.918375778
,,,2.592291043,5.930706407
,,,2.582494463,5.943037036
,,,2.571810175,5.955367665
,,,2.560084069,5.967698294
,,,2.546613792,5.980028924
,,,2.531264949,5.992359553
,,,2.513920635,6.004690182
,,,2.494484315,6.017020811
,,,2.472882567,6.02935144
,,,2.449067633,6.04168207
,,,2.423019711,6.054012699
,,,2.394748944,6.066343328
,,,2.364305828,6.078673957
,,,2.331750003,6.091004586
,,,2.297196106,6.103335216
,,,2.261892622,6.115665845
,,,2.226555132,6.127996474
,,,2.1902523,6.140327103
,,,2.152631121,6.152657732
,,,2.114474975,6.164988362
,,,2.076034605,6.177318991
,,,2.037025153,6.18964962
,,,1.997735834,6.201980249
,,,1.958470113,6.214310879
,,,1.919550361,6.226641508
,,,1.881297534,6.238972137
,,,1.844029656,6.251302766
,,,1.808070749,6.263633395
,,,1.774291889,6.275964025
,,,1.742977091,6.288294654
,,,1.713827516,6.300625283
,,,1.687053634,6.312955912
,,,1.662852892,6.325286541
,,,1.641376803,6.337617171
,,,1.622733519,6.3499478
,,,1.606987482,6.362278429
,,,1.594146227,6.374609058
,,,1.584174016,6.386939687
,,,1.576982049,6.399270317
,,,1.572418101,6.411600946
,,,1.570324671,6.423931575
,,,1.570444881,6.436262204
,,,1.572519319,6.448592833
,,,1.576228129,6.460923463
,,,1.581229111,6.473254092
,,,1.58715539,6.485584721
,,,1.593622476,6.49791535
,,,1.600235777,6.510245979
,,,1.606598366,6.522576609
,,,1.612312207,6.534907238
,,,1.617014104,6.547237867
,,,1.620891459,6.559568496
,,,1.623608477,6.571899125
,,,1.624290614,6.584229755
,,,1.622699987,6.596560384
,,,1.618596539,6.608891013
,,,1.612913615,6.621221642
,,,1.605516784,6.633552271
,,,1.595205723,6.645882901
,,,1.581941529,6.65821353
,,,1.565739561,6.670544159
,,,1.547774905,6.682874788
,,,1.528153438,6.695205417
,,,1.505908504,6.707536047
,,,1.481223275,6.719866676
,,,1.454305766,6.732197305
,,,1.425439716,6.744527934
,,,1.394888249,6.756858564
,,,1.362952264,6.769189193
,,,1.329946242,6.781519822
,,,1.296191624,6.793850451
,,,1.262010282,6.80618108
,,,1.227718246,6.81851171
,,,1.193619805,6.830842339
,,,1.159988849,6.843172968
,,,1.12712043,6.855503597
,,,1.095236309,6.867834226
,,,1.064539684,6.880164856
,,,1.035223132,6.892495485
,,,1.007421594,6.904826114
,,,0.981243668,6.917156743
,,,0.956762478,6.929487372
,,,0.934016055,6.941818002
,,,0.913008381,6.954148631
,,,0.89371103,6.96647926
,,,0.876065348,6.978809889
,,,0.859985074,6.991140518
,,,0.845912795,7.003471148
,,,0.833710049,7.015801777
,,,0.822660949,7.028132406
,,,0.812575993,7.040463035
,,,0.803292284,7.052793664
,,,0.794615301,7.065124294
,,,0.786342321,7.077454923
,,,0.778274233,7.089785552
,,,0.770238378,7.102116181
,,,0.762046583,7.11444681
,,,0.753530446,7.12677744
,,,0.744535097,7.139108069
,,,0.734921405,7.151438698
,,,0.72456781,7.163769327
,,,0.713371763,7.176099956
,,,0.701435259,7.188430586
,,,0.688687791,7.200761215
,,,0.674914855,7.213091844
,,,0.660637272,7.225422473
,,,0.645845523,7.237753102
,,,0.629990359,7.250083732
,,,0.613095201,7.262414361
,,,0.595201619,7.27474499
,,,0.576552476,7.287075619
,,,0.557219296,7.299406249
,,,0.537100535,7.311736878
,,,0.516290801,7.324067507
,,,0.494894406,7.336398136
,,,0.473023318,7.348728765
,,,0.45079507,7.361059395
,,,0.428330667,7.373390024
,,,0.405752535,7.385720653
,,,0.383182538,7.398051282
,,,0.360740106,7.410381911
,,,0.338540503,7.422712541
,,,0.31669326,7.43504317
,,,0.295300797,7.447373799
,,,0.27445725,7.459704428
,,,0.254247515,7.472035057
,,,0.234739881,7.484365687
,,,0.216013707,7.496696316
,,,0.198113971,7.509026945
,,,0.181083573,7.521357574
,,,0.164954658,7.533688203
,,,0.149735643,7.546018833
,,,0.135468058,7.558349462
,,,0.122136814,7.570680091
,,,0.109735687,7.58301072
,,,0.098250518,7.595341349
,,,0.087646819,7.607671979
,,,0.07792706,7.620002608
,,,0.069041271,7.632333237
,,,0.060952746,7.644663866
,,,0.053621342,7.656994495
,,,0.047004359,7.669325125
,,,0.041057359,7.681655754
,,,0.035734927,7.693986383
,,,0.030991357,7.706317012
,,,0.026781265,7.718647641
,,,0.02306012,7.730978271
,,,0.019784694,7.7433089
,,,0.016913441,7.755639529
,,,0.014406785,7.767970158
,,,0.012227355,7.780300788
,,,0.010340135,7.792631417
,,,0.008712569,7.804962046
,,,0.007314603,7.817292675
,,,0.006118686,7.829623304
,,,0.005099725,7.841953934
,,,0.004235017,7.854284563
,,,0.003504143,7.866615192
,,,0.002888854,7.878945821
,,,0.002372931,7.89127645
,,,0.001942045,7.90360708
,,,0.001583606,7.915937709
,,,0.001279978,7.928268338
,,,0.001036521,7.940598967
,,,0.000836282,7.952929596
,,,0.000672243,7.965260226
,,,0.000538392,7.977590855
,,,0.000429605,7.989921484
,,,0.000341538,8.002252113
,,,0.000270525,8.014582742
,,,0.000213488,8.026913372
,,,0.000167857,8.039244001
,,,0.000131493,8.05157463
,,,0.000102628,8.063905259
,,,7.98E-05,8.076235888
,,,0,9.28463755
